{
  "id": "1511344",
  "name": "eWTP",
  "font_family": "iconfont",
  "css_prefix_text": "icon",
  "description": "",
  "glyphs": [
    {
      "icon_id": "7923599",
      "name": "邮箱",
      "font_class": "email",
      "unicode": "e601",
      "unicode_decimal": 58881
    },
    {
      "icon_id": "9727834",
      "name": "扫一扫 二维码 扫码 扫描 (1)",
      "font_class": "saoyisaoerweimasaomasaomiao",
      "unicode": "e66f",
      "unicode_decimal": 58991
    },
    {
      "icon_id": "12644755",
      "name": "邮箱",
      "font_class": "youxiang",
      "unicode": "e67d",
      "unicode_decimal": 59005
    },
    {
      "icon_id": "9778140",
      "name": "pdf",
      "font_class": "pdf",
      "unicode": "e68f",
      "unicode_decimal": 59023
    },
    {
      "icon_id": "9201162",
      "name": "密码",
      "font_class": "mima",
      "unicode": "e921",
      "unicode_decimal": 59681
    },
    {
      "icon_id": "772967",
      "name": "car",
      "font_class": "car",
      "unicode": "e655",
      "unicode_decimal": 58965
    },
    {
      "icon_id": "7364810",
      "name": "更多",
      "font_class": "gengduo1",
      "unicode": "e90d",
      "unicode_decimal": 59661
    },
    {
      "icon_id": "12458015",
      "name": "核注清单",
      "font_class": "hezhuqingdan",
      "unicode": "e628",
      "unicode_decimal": 58920
    },
    {
      "icon_id": "12458016",
      "name": "核放单",
      "font_class": "hefangdan",
      "unicode": "e629",
      "unicode_decimal": 58921
    },
    {
      "icon_id": "12458017",
      "name": "清单审核",
      "font_class": "qingdanshenhe",
      "unicode": "e62a",
      "unicode_decimal": 58922
    },
    {
      "icon_id": "2059816",
      "name": "台账册管理",
      "font_class": "taizhangceguanli",
      "unicode": "e65a",
      "unicode_decimal": 58970
    },
    {
      "icon_id": "8630258",
      "name": "黑名单 (6)",
      "font_class": "heimingdan",
      "unicode": "e627",
      "unicode_decimal": 58919
    },
    {
      "icon_id": "9676443",
      "name": "查验-列表",
      "font_class": "chayan-liebiao",
      "unicode": "ec4e",
      "unicode_decimal": 60494
    },
    {
      "icon_id": "12448248",
      "name": "空车入区-01",
      "font_class": "kongcheruqu-",
      "unicode": "e625",
      "unicode_decimal": 58917
    },
    {
      "icon_id": "12448249",
      "name": "空车出区-01",
      "font_class": "kongchechuqu-",
      "unicode": "e626",
      "unicode_decimal": 58918
    },
    {
      "icon_id": "12445333",
      "name": "出区核放清单-01",
      "font_class": "chuquhefangqingdan--copy",
      "unicode": "e97c",
      "unicode_decimal": 59772
    },
    {
      "icon_id": "12445281",
      "name": "出区核注清单1-01",
      "font_class": "chuquhezhuqingdan-",
      "unicode": "e620",
      "unicode_decimal": 58912
    },
    {
      "icon_id": "12445287",
      "name": "入区核放清单-01",
      "font_class": "ruquhefangqingdan-1",
      "unicode": "e621",
      "unicode_decimal": 58913
    },
    {
      "icon_id": "12445289",
      "name": "入区核注清单1-01",
      "font_class": "ruquhezhuqingdan-1",
      "unicode": "e623",
      "unicode_decimal": 58915
    },
    {
      "icon_id": "6246526",
      "name": "个人中心 我的  人物 标准头 线性",
      "font_class": "gerenzhongxinwoderenwubiaozhuntouxianxing",
      "unicode": "e900",
      "unicode_decimal": 59648
    },
    {
      "icon_id": "10279455",
      "name": "退出",
      "font_class": "tuichu2",
      "unicode": "e97b",
      "unicode_decimal": 59771
    },
    {
      "icon_id": "1788335",
      "name": "点击",
      "font_class": "dianji",
      "unicode": "e631",
      "unicode_decimal": 58929
    },
    {
      "icon_id": "5001783",
      "name": "编辑",
      "font_class": "bianji",
      "unicode": "e72b",
      "unicode_decimal": 59179
    },
    {
      "icon_id": "2461621",
      "name": "期末结转-selected",
      "font_class": "qimojiezhuan-selected",
      "unicode": "e617",
      "unicode_decimal": 58903
    },
    {
      "icon_id": "9734455",
      "name": "备案管理_export",
      "font_class": "beianguanli_export",
      "unicode": "e606",
      "unicode_decimal": 58886
    },
    {
      "icon_id": "9738735",
      "name": "清单管理-常态",
      "font_class": "qingdanguanli-changtai",
      "unicode": "e624",
      "unicode_decimal": 58916
    },
    {
      "icon_id": "9866293",
      "name": "单证平台-运单管理",
      "font_class": "danzhengpingtai-yundanguanli",
      "unicode": "e61f",
      "unicode_decimal": 58911
    },
    {
      "icon_id": "11057510",
      "name": "收款单",
      "font_class": "shoukuandan",
      "unicode": "e7cf",
      "unicode_decimal": 59343
    },
    {
      "icon_id": "11318035",
      "name": "系统管理",
      "font_class": "xitongguanli",
      "unicode": "e6bb",
      "unicode_decimal": 59067
    },
    {
      "icon_id": "11320178",
      "name": "订单",
      "font_class": "dingdanguanli",
      "unicode": "e600",
      "unicode_decimal": 58880
    },
    {
      "icon_id": "11408687",
      "name": "清单总分单管理",
      "font_class": "qingdanzongfendanguanli",
      "unicode": "e603",
      "unicode_decimal": 58883
    },
    {
      "icon_id": "11408693",
      "name": "离境单管理",
      "font_class": "lijingdanguanli",
      "unicode": "e604",
      "unicode_decimal": 58884
    },
    {
      "icon_id": "11892509",
      "name": "撤销单-01",
      "font_class": "chexiaodan-",
      "unicode": "e61c",
      "unicode_decimal": 58908
    }
  ]
}
